{
    "loss": 0.2768644690513611,
    "accuracy": 0.9171597361564636
}